trial_index,arm_name,trial_status,generation_method,val_loss,block1_exists,block2_exists,fc2,hidden_size2,dropout2,fc3,dropout3,addMRNA,learning_rate,batch_size,block2_type,activation2,block3_type,activation3,root,hidden_size1,dropout1,resNetComplexConnections2,block1_type,resNetType1,activation1,resNetType2,fc1,resNetComplexConnections1
117,117_0,COMPLETED,BoTorch,0.6982678771018982,True,True,,319.0,0.6866931863414947,1.0,0.9,True,0.00010348571254464918,128,resnet,sigmoid,fully_connect,tanh,true,508.0,0.5195300099102719,,fully_connect,,sigmoid,simple,1.0,
192,192_0,COMPLETED,BoTorch,0.6991668343544006,True,True,,361.0,0.7166729785276786,2.0,0.9,True,0.0001,128,resnet,sigmoid,fully_connect,tanh,true,498.0,0.5725263892532744,,fully_connect,,sigmoid,simple,1.0,
189,189_0,COMPLETED,BoTorch,0.6992641687393188,True,True,,396.0,0.6781154537701268,2.0,0.9,True,0.0001,128,resnet,sigmoid,fully_connect,tanh,true,481.0,0.5891110734684845,,fully_connect,,sigmoid,simple,1.0,
144,144_0,COMPLETED,BoTorch,0.6992894411087036,True,True,,292.0,0.7040740095428104,1.0,0.9,True,0.00013575857442556637,128,resnet,sigmoid,fully_connect,tanh,true,545.0,0.2919423153883124,,fully_connect,,sigmoid,simple,1.0,
165,165_0,COMPLETED,BoTorch,0.6993892788887024,True,True,,334.0,0.7312111622559831,1.0,0.9,True,0.0001,128,resnet,sigmoid,fully_connect,tanh,true,558.0,0.49047056627157,,fully_connect,,sigmoid,simple,1.0,
151,151_0,COMPLETED,BoTorch,0.699511706829071,True,True,,313.0,0.7513925602414978,1.0,0.9,True,0.00010071778399950108,128,resnet,sigmoid,fully_connect,tanh,true,523.0,0.33346284918016295,,fully_connect,,sigmoid,simple,1.0,
143,143_0,COMPLETED,BoTorch,0.6996394395828247,True,True,,374.0,0.7686672179468845,1.0,0.9,True,0.00010295164805575709,128,resnet,sigmoid,fully_connect,tanh,true,663.0,0.502786612932129,,fully_connect,,sigmoid,simple,1.0,
86,86_0,COMPLETED,BoTorch,0.6997644305229187,True,True,,338.0,0.7239308252713456,1.0,0.9,True,0.00010092705189805746,128,resnet,sigmoid,fully_connect,tanh,true,583.0,0.44815216725225915,,fully_connect,,sigmoid,simple,1.0,
77,77_0,COMPLETED,BoTorch,0.6998415589332581,True,True,,336.0,0.7149504258758294,1.0,0.9,True,0.0001,128,resnet,sigmoid,fully_connect,tanh,true,516.0,0.41295650057246946,,fully_connect,,sigmoid,simple,1.0,
191,191_0,COMPLETED,BoTorch,0.700019896030426,True,True,,370.0,0.7280087824975219,2.0,0.9,True,0.0001,64,resnet,sigmoid,fully_connect,tanh,true,503.0,0.6004708921120219,,fully_connect,,sigmoid,simple,1.0,
194,194_0,COMPLETED,BoTorch,0.7000481486320496,True,True,,367.0,0.7131703010249315,1.0,0.9,True,0.0001,128,resnet,sigmoid,fully_connect,tanh,true,498.0,0.5757125696478702,,fully_connect,,sigmoid,simple,1.0,
177,177_0,COMPLETED,BoTorch,0.7001953721046448,True,True,,323.0,0.7199881272361689,1.0,0.9,True,0.00011107037938294633,128,resnet,sigmoid,fully_connect,tanh,true,563.0,0.5450705231655153,,fully_connect,,sigmoid,simple,1.0,
122,122_0,COMPLETED,BoTorch,0.7003242373466492,True,True,,320.0,0.6660636279666018,1.0,0.8996648612201249,True,0.0001,128,resnet,sigmoid,fully_connect,tanh,true,515.0,0.481492275200744,,fully_connect,,sigmoid,simple,1.0,
171,171_0,COMPLETED,BoTorch,0.7003524303436279,True,True,,334.0,0.719574141246838,1.0,0.9,True,0.0001,128,resnet,sigmoid,fully_connect,tanh,true,556.0,0.49120362552502406,,fully_connect,,sigmoid,simple,1.0,
145,145_0,COMPLETED,BoTorch,0.7003999352455139,True,True,,306.0,0.7919328727219119,1.0,0.9,True,0.00012483362551306352,128,resnet,sigmoid,fully_connect,tanh,true,533.0,0.3524939431824483,,fully_connect,,sigmoid,simple,1.0,
172,172_0,COMPLETED,BoTorch,0.7009208798408508,True,True,,320.0,0.7363991148391306,1.0,0.9,True,0.0001,128,resnet,sigmoid,fully_connect,tanh,true,504.0,0.4515868454879947,,fully_connect,,sigmoid,simple,1.0,
123,123_0,COMPLETED,BoTorch,0.7010268568992615,True,True,,331.0,0.7501813091578159,1.0,0.9,True,0.000118114596972292,128,resnet,sigmoid,fully_connect,tanh,true,488.0,0.5512849133515343,,fully_connect,,sigmoid,simple,1.0,
179,179_0,COMPLETED,BoTorch,0.7011520862579346,True,True,,403.0,0.7297030041703256,1.0,0.9,True,0.00010630663318486438,128,resnet,sigmoid,fully_connect,tanh,true,644.0,0.49811865519465365,,fully_connect,,sigmoid,simple,1.0,
149,149_0,COMPLETED,BoTorch,0.7016072869300842,True,True,,299.0,0.6959006609931824,1.0,0.9,True,0.00012178111041928983,128,resnet,sigmoid,fully_connect,tanh,true,506.0,0.3676667336560576,,fully_connect,,sigmoid,simple,1.0,
116,116_0,COMPLETED,BoTorch,0.7016509175300598,True,True,,358.0,0.7014476982370665,1.0,0.9,True,0.0001,128,resnet,sigmoid,fully_connect,tanh,true,544.0,0.4274550121805716,,fully_connect,,sigmoid,simple,1.0,
56,56_0,COMPLETED,BoTorch,0.7016840577125549,True,True,,343.0,0.7683499515523515,1.0,0.9,True,0.00012179997360414628,128,resnet,sigmoid,fully_connect,tanh,true,604.0,0.45231547501769587,,fully_connect,,sigmoid,simple,1.0,
76,76_0,COMPLETED,BoTorch,0.7018232345581055,True,True,,320.0,0.7568896028020027,1.0,0.9,True,0.0001,128,resnet,sigmoid,fully_connect,tanh,true,570.0,0.42781779594621905,,fully_connect,,sigmoid,simple,1.0,
156,156_0,COMPLETED,BoTorch,0.7018552422523499,True,True,,319.0,0.7055852999975581,1.0,0.9,True,0.00011718633730140951,128,resnet,sigmoid,fully_connect,tanh,true,650.0,0.47827220501625006,,fully_connect,,sigmoid,simple,1.0,
80,80_0,COMPLETED,BoTorch,0.7018563747406006,True,True,,339.0,0.746016888183839,1.0,0.9,True,0.0001,64,resnet,sigmoid,fully_connect,tanh,true,572.0,0.44194250876145924,,fully_connect,,sigmoid,simple,1.0,
78,78_0,COMPLETED,BoTorch,0.7020468711853027,True,True,,322.0,0.7573356312536189,1.0,0.9,True,0.0001,128,resnet,sigmoid,fully_connect,tanh,true,590.0,0.42344077871535485,,fully_connect,,sigmoid,simple,1.0,
142,142_0,COMPLETED,BoTorch,0.7027094960212708,True,True,,316.0,0.7393887692065912,1.0,0.9,True,0.0001,64,resnet,sigmoid,fully_connect,tanh,true,471.0,0.3926172750309599,,fully_connect,,sigmoid,simple,1.0,
175,175_0,COMPLETED,BoTorch,0.7027106285095215,True,True,,300.0,0.7398230316257093,1.0,0.9,True,0.0001,64,resnet,sigmoid,fully_connect,tanh,true,505.0,0.6188417453997116,,fully_connect,,sigmoid,simple,1.0,
104,104_0,COMPLETED,BoTorch,0.7027488350868225,True,True,,348.0,0.723887058445564,1.0,0.8840829390396665,True,0.0001,128,resnet,sigmoid,fully_connect,tanh,true,549.0,0.4436966054936674,,fully_connect,,sigmoid,simple,1.0,
53,53_0,COMPLETED,BoTorch,0.7039119601249695,True,True,,330.0,0.6440430517443364,1.0,0.9,True,0.00010395527169484919,64,resnet,sigmoid,fully_connect,tanh,true,686.0,0.5002291827939298,,fully_connect,,sigmoid,simple,1.0,
73,73_0,COMPLETED,BoTorch,0.7039312124252319,True,True,,360.0,0.7647520350349827,1.0,0.9,True,0.0001,64,resnet,sigmoid,fully_connect,tanh,true,591.0,0.5858403289870296,,fully_connect,,sigmoid,simple,1.0,
51,51_0,COMPLETED,BoTorch,0.704079270362854,True,True,,349.0,0.7766434553326594,1.0,0.9,True,0.0001,64,resnet,sigmoid,fully_connect,tanh,true,713.0,0.37095159533936417,,fully_connect,,sigmoid,simple,1.0,
188,188_0,COMPLETED,BoTorch,0.704106330871582,True,True,,617.0,0.6680058567995674,2.0,0.8861631453327232,True,0.0001,64,resnet,sigmoid,fully_connect,tanh,true,449.0,0.739776035022293,,fully_connect,,sigmoid,simple,1.0,
58,58_0,COMPLETED,BoTorch,0.7043654918670654,True,True,,345.0,0.7678324020297679,1.0,0.9,True,0.0001132061207657225,64,resnet,sigmoid,fully_connect,tanh,true,608.0,0.4570551559319887,,fully_connect,,sigmoid,simple,1.0,
54,54_0,COMPLETED,BoTorch,0.7045572996139526,True,True,,334.0,0.7743997182785513,1.0,0.9,True,0.00011594432155944879,64,resnet,sigmoid,fully_connect,tanh,true,481.0,0.4708932207645583,,fully_connect,,sigmoid,simple,1.0,
164,164_0,COMPLETED,BoTorch,0.7051658630371094,True,True,,314.0,0.7429302809550895,1.0,0.9,True,0.00011790020577941185,64,resnet,sigmoid,fully_connect,tanh,true,523.0,0.3046495348692809,,fully_connect,,sigmoid,simple,1.0,
190,190_0,COMPLETED,BoTorch,0.7082492113113403,True,True,,476.0,0.6185346879036923,1.0,0.8743093479224943,True,0.0001,64,resnet,sigmoid,fully_connect,tanh,true,441.0,0.6111999520320528,,fully_connect,,sigmoid,simple,1.0,
146,146_0,COMPLETED,BoTorch,0.7087079882621765,True,True,,303.0,0.7144026642937613,1.0,0.8682859406996475,True,0.00010046838741480191,64,resnet,sigmoid,fully_connect,tanh,true,448.0,0.17765571383397089,,fully_connect,,sigmoid,simple,1.0,
42,42_0,COMPLETED,BoTorch,0.70961594581604,True,True,,371.0,0.7015060448593081,1.0,0.8952379855052635,True,0.00017330534711090527,64,resnet,sigmoid,fully_connect,tanh,true,585.0,0.5173674718232676,,fully_connect,,sigmoid,simple,1.0,
49,49_0,COMPLETED,BoTorch,0.7159921526908875,True,True,,328.0,0.7476537115479941,1.0,0.8399685550320216,True,0.0001001067046799445,64,resnet,sigmoid,fully_connect,tanh,true,593.0,0.3961682098734592,,fully_connect,,sigmoid,simple,1.0,
98,98_0,COMPLETED,BoTorch,0.7165018320083618,True,True,,336.0,0.8660107204818634,1.0,0.8335678710923403,True,0.0001,128,resnet,sigmoid,fully_connect,tanh,true,389.0,0.3056083269638844,,fully_connect,,sigmoid,simple,1.0,
197,197_0,COMPLETED,BoTorch,0.7165905237197876,False,True,,720.0,0.19950625411548523,,0.268453510807999,True,0.0001,128,resnet,selu,resnet,sigmoid,true,,,31.0,,,,complex,,
105,105_0,COMPLETED,BoTorch,0.7166019678115845,True,True,1.0,1000.0,0.0,,0.686067882359779,True,0.00014042916775706656,128,fully_connect,selu,resnet,leaky_relu_steep,true,849.0,0.0788686486030541,,fully_connect,,leaky_relu_steep,,3.0,
198,198_0,COMPLETED,BoTorch,0.7169943451881409,False,True,,788.0,0.095854194302282,,0.25762507154682185,True,0.0001,128,resnet,selu,resnet,sigmoid,true,,,31.0,,,,complex,,
182,182_0,COMPLETED,BoTorch,0.7191781401634216,False,True,,761.0,0.23923687252967235,,0.19883368593513148,True,0.0001,128,resnet,selu,resnet,sigmoid,true,,,31.0,,,,complex,,
79,79_0,COMPLETED,BoTorch,0.7200687527656555,True,True,1.0,947.0,0.060461469166427854,,0.6894142758588777,True,0.00018515431273024096,128,fully_connect,selu,resnet,leaky_relu_steep,true,672.0,0.21476662602777447,,fully_connect,,leaky_relu_steep,,3.0,
119,119_0,COMPLETED,BoTorch,0.7208707928657532,True,False,,,,,0.6291856682465008,True,0.0036751431290903995,64,,,resnet,leaky_relu_steep,true,362.0,0.9,,fully_connect,,leaky_relu_slight,,2.0,
181,181_0,COMPLETED,BoTorch,0.7213138341903687,False,True,,596.0,0.5665821413807615,,0.27108215635935473,True,0.0001,128,resnet,selu,resnet,sigmoid,true,,,31.0,,,,complex,,
101,101_0,COMPLETED,BoTorch,0.7217708230018616,True,True,1.0,878.0,0.0,,0.5856481722934573,True,0.00011097318997651179,128,fully_connect,selu,resnet,leaky_relu_steep,true,887.0,0.0,,fully_connect,,leaky_relu_steep,,3.0,
64,64_0,COMPLETED,BoTorch,0.7220984697341919,True,True,1.0,966.0,0.09421493094456365,,0.7196135802799516,True,0.00018137824530905199,64,fully_connect,selu,resnet,leaky_relu_steep,true,674.0,0.3202113811743184,,fully_connect,,leaky_relu_steep,,3.0,
108,108_0,COMPLETED,BoTorch,0.7223162651062012,True,True,1.0,886.0,0.0,,0.6301814461020685,True,0.00015005229088153955,128,fully_connect,selu,resnet,leaky_relu_steep,true,822.0,0.0,,fully_connect,,leaky_relu_steep,,3.0,
180,180_0,COMPLETED,BoTorch,0.7223890423774719,False,True,,784.0,0.47094338486440296,,0.23432346375338808,True,0.0001,128,resnet,selu,resnet,sigmoid,true,,,31.0,,,,complex,,
115,115_0,COMPLETED,BoTorch,0.7223916053771973,True,True,1.0,932.0,0.0,,0.608365231464532,True,0.00010475058671942668,128,fully_connect,selu,resnet,leaky_relu_steep,true,764.0,0.06665655342871804,,fully_connect,,leaky_relu_steep,,3.0,
102,102_0,COMPLETED,BoTorch,0.7227106094360352,True,True,1.0,1000.0,0.0,,0.6816250155667086,True,0.00010787400126973062,64,fully_connect,selu,resnet,leaky_relu_steep,true,921.0,0.0,,fully_connect,,leaky_relu_steep,,3.0,
195,195_0,COMPLETED,BoTorch,0.7229198813438416,True,False,,,,,0.6561737635827636,True,0.0020611858285444367,64,,,resnet,leaky_relu_steep,true,215.0,0.6437261860953485,,fully_connect,,leaky_relu_slight,,2.0,
112,112_0,COMPLETED,BoTorch,0.7231442928314209,True,True,1.0,864.0,0.017832699412469222,,0.6346670651728968,True,0.00011728499284918725,128,fully_connect,selu,resnet,leaky_relu_steep,true,825.0,0.21860356818570997,,fully_connect,,leaky_relu_steep,,3.0,
157,157_0,COMPLETED,BoTorch,0.723209023475647,True,True,1.0,871.0,0.0,,0.5705197885653971,True,0.0001,128,fully_connect,selu,resnet,leaky_relu_steep,true,878.0,0.10792562385677702,,fully_connect,,leaky_relu_steep,,3.0,
85,85_0,COMPLETED,BoTorch,0.723753035068512,True,True,1.0,368.0,0.779761102470214,,0.8215636061406317,True,0.0006361628514597351,32,fully_connect,sigmoid,resnet,leaky_relu_slight,true,378.0,0.0,,resnet,complex,selu,,,1.0
150,150_0,COMPLETED,BoTorch,0.7238304615020752,True,True,1.0,258.0,0.9,,0.7776083460828698,True,0.0009182311725957355,32,fully_connect,sigmoid,resnet,leaky_relu_slight,true,388.0,0.2618600842660992,,resnet,complex,selu,,,1.0
48,48_0,COMPLETED,BoTorch,0.7241249680519104,True,True,,328.0,0.8375928558814356,1.0,0.8817878632085298,True,0.00021285270709906195,64,resnet,sigmoid,fully_connect,tanh,true,678.0,0.5647636912302146,,fully_connect,,sigmoid,simple,1.0,
160,160_0,COMPLETED,BoTorch,0.7248749136924744,True,True,1.0,259.0,0.9,,0.7649150586764395,True,0.0010519900944804604,32,fully_connect,sigmoid,resnet,leaky_relu_slight,true,461.0,0.15122616621339618,,resnet,complex,selu,,,1.0
83,83_0,COMPLETED,BoTorch,0.7250657677650452,True,False,,,,,0.6690095466151125,True,0.004164728592028217,64,,,resnet,leaky_relu_steep,true,305.0,0.9,,fully_connect,,leaky_relu_slight,,2.0,
159,159_0,COMPLETED,BoTorch,0.7251585721969604,True,True,1.0,1000.0,0.0,,0.6700973274405215,True,0.00011921390632960852,128,fully_connect,selu,resnet,leaky_relu_steep,true,906.0,0.004885178912169729,,fully_connect,,leaky_relu_steep,,3.0,
199,199_0,COMPLETED,BoTorch,0.7253410220146179,True,True,1.0,866.0,0.0,,0.542362075533173,True,0.0002726159590869714,128,fully_connect,selu,resnet,leaky_relu_steep,true,800.0,0.0,,fully_connect,,leaky_relu_steep,,3.0,
185,185_0,COMPLETED,BoTorch,0.7255574464797974,True,True,1.0,1000.0,0.0,,0.703558578996461,True,0.00016590395791815117,128,fully_connect,selu,resnet,leaky_relu_steep,true,717.0,0.3912147858399858,,fully_connect,,leaky_relu_steep,,3.0,
135,135_0,COMPLETED,BoTorch,0.7256410717964172,True,False,,,,,0.6385673959308924,True,0.00312012313207306,64,,,resnet,leaky_relu_steep,true,210.0,0.6143874652111387,,fully_connect,,leaky_relu_slight,,2.0,
124,124_0,COMPLETED,BoTorch,0.7258824110031128,True,True,1.0,915.0,0.0,,0.721012113547743,True,0.00012032849093215401,128,fully_connect,selu,resnet,leaky_relu_steep,true,849.0,0.20086474705514315,,fully_connect,,leaky_relu_steep,,3.0,
141,141_0,COMPLETED,BoTorch,0.7260944843292236,True,True,1.0,1000.0,0.0,,0.5571782267011572,True,0.00020613630385651118,128,fully_connect,selu,resnet,leaky_relu_steep,true,890.0,0.0902800618044551,,fully_connect,,leaky_relu_steep,,3.0,
72,72_0,COMPLETED,BoTorch,0.7262807488441467,True,True,1.0,938.0,0.0,,0.693886013751373,True,0.00012694106870662743,64,fully_connect,selu,resnet,leaky_relu_steep,true,639.0,0.22039745704746347,,fully_connect,,leaky_relu_steep,,3.0,
121,121_0,COMPLETED,BoTorch,0.7263219952583313,True,False,,,,,0.6408437874081911,True,0.0037605001687283333,64,,,resnet,leaky_relu_steep,true,325.0,0.8517927007388506,,fully_connect,,leaky_relu_slight,,2.0,
120,120_0,COMPLETED,BoTorch,0.726621150970459,True,False,,,,,0.6337032035508645,True,0.003524455742461291,64,,,resnet,leaky_relu_steep,true,288.0,0.798189461935906,,fully_connect,,leaky_relu_slight,,2.0,
63,63_0,COMPLETED,BoTorch,0.7282260656356812,True,True,1.0,913.0,0.06275702833637213,,0.6823572217958043,True,0.00027808082408543134,64,fully_connect,selu,resnet,leaky_relu_steep,true,745.0,0.08225298004160832,,fully_connect,,leaky_relu_steep,,3.0,
176,176_0,COMPLETED,BoTorch,0.729375958442688,False,True,,556.0,0.423955144255425,,0.21532188502323943,True,0.0001,128,resnet,selu,resnet,sigmoid,true,,,31.0,,,,complex,,
113,113_0,COMPLETED,BoTorch,0.7299137711524963,True,True,1.0,918.0,0.12484340861092293,,0.5636704049293157,True,0.00013777485772331762,128,fully_connect,selu,resnet,leaky_relu_steep,true,746.0,0.1058756132619209,,fully_connect,,leaky_relu_steep,,3.0,
46,46_0,COMPLETED,BoTorch,0.7301249504089355,True,True,1.0,384.0,0.8787405988387994,,0.6353252844648191,True,0.00041884360398457043,32,fully_connect,sigmoid,resnet,leaky_relu_slight,true,332.0,0.03302588364835883,,resnet,complex,selu,,,2.0
97,97_0,COMPLETED,BoTorch,0.7302413582801819,True,True,1.0,362.0,0.9,,0.7929735309830589,True,0.0009806754203881484,32,fully_connect,sigmoid,resnet,leaky_relu_slight,true,280.0,0.42236782071851736,,resnet,complex,selu,,,1.0
129,129_0,COMPLETED,BoTorch,0.7303392291069031,True,True,1.0,408.0,0.7933470660396291,,0.7869251694323676,True,0.0008435445591897716,32,fully_connect,sigmoid,resnet,leaky_relu_slight,true,394.0,0.24987035719398581,,resnet,complex,selu,,,1.0
89,89_0,COMPLETED,BoTorch,0.7320241332054138,True,True,1.0,329.0,0.7825235237634337,,0.7921984827813014,True,0.0005760344455911485,32,fully_connect,sigmoid,resnet,leaky_relu_slight,true,373.0,0.0,,resnet,complex,selu,,,1.0
154,154_0,COMPLETED,BoTorch,0.7322726845741272,True,True,1.0,1000.0,0.0,,0.6489725827410892,True,0.00016441294821467053,128,fully_connect,selu,resnet,leaky_relu_steep,true,799.0,0.12404359139103217,,fully_connect,,leaky_relu_steep,,3.0,
114,114_0,COMPLETED,BoTorch,0.7327004671096802,True,True,1.0,756.0,0.0,,0.5997982593781076,True,0.00016596001622593188,128,fully_connect,selu,resnet,leaky_relu_steep,true,986.0,0.08078961172260055,,fully_connect,,leaky_relu_steep,,3.0,
93,93_0,COMPLETED,BoTorch,0.7327922582626343,True,True,1.0,350.0,0.8087410438257809,,0.7165096263369125,True,0.0009147161360344441,32,fully_connect,sigmoid,resnet,leaky_relu_slight,true,349.0,0.07565942625819108,,resnet,complex,selu,,,1.0
111,111_0,COMPLETED,BoTorch,0.7328885793685913,True,True,1.0,807.0,0.010373618347720947,,0.5428875136623692,True,0.00018054044734006837,128,fully_connect,selu,resnet,leaky_relu_steep,true,770.0,0.349787163022627,,fully_connect,,leaky_relu_steep,,3.0,
91,91_0,COMPLETED,BoTorch,0.7332950234413147,True,True,1.0,347.0,0.819441035648727,,0.7282985070144258,True,0.0017796113345216326,32,fully_connect,sigmoid,resnet,leaky_relu_slight,true,324.0,0.1824881608996681,,resnet,complex,selu,,,1.0
184,184_0,COMPLETED,BoTorch,0.733732283115387,False,True,,557.0,0.37379671641841733,,0.2438968909737192,True,0.0001,128,resnet,selu,resnet,sigmoid,true,,,19.0,,,,complex,,
139,139_0,COMPLETED,BoTorch,0.7339777946472168,True,True,1.0,262.0,0.7999185070287935,,0.7720431570731628,True,0.0012964302617730573,32,fully_connect,sigmoid,resnet,leaky_relu_slight,true,400.0,0.3374783953064866,,resnet,complex,selu,,,1.0
166,166_0,COMPLETED,BoTorch,0.7340612411499023,True,True,1.0,320.0,0.9,,0.7118415767061309,True,0.0011102707048767193,32,fully_connect,sigmoid,resnet,leaky_relu_slight,true,402.0,0.25463825386999506,,resnet,complex,selu,,,1.0
88,88_0,COMPLETED,BoTorch,0.7342256903648376,True,True,1.0,317.0,0.7440749104986849,,0.8439075307347463,True,0.0005911812869401513,32,fully_connect,sigmoid,resnet,leaky_relu_slight,true,429.0,0.28394730765455767,,resnet,complex,selu,,,1.0
87,87_0,COMPLETED,BoTorch,0.7345132827758789,True,True,1.0,381.0,0.8441103535067658,,0.7546742386592402,True,0.000619875556549726,32,fully_connect,sigmoid,resnet,leaky_relu_slight,true,362.0,0.0,,resnet,complex,selu,,,1.0
47,47_0,COMPLETED,BoTorch,0.7354761958122253,True,True,1.0,330.0,0.8684436895205276,,0.611596752324196,True,0.0003962875303525177,32,fully_connect,sigmoid,resnet,leaky_relu_slight,true,340.0,0.029784461275447018,,resnet,complex,selu,,,4.0
61,61_0,COMPLETED,BoTorch,0.7355862259864807,True,True,1.0,1000.0,0.024840383398428832,,0.6725759306876562,True,0.00026080384551206996,64,fully_connect,selu,resnet,leaky_relu_steep,true,659.0,0.1216658954073625,,fully_connect,,leaky_relu_steep,,3.0,
109,109_0,COMPLETED,BoTorch,0.7355973124504089,True,True,1.0,932.0,0.0,,0.56638743624437,True,0.00013604841667313677,64,fully_connect,selu,resnet,leaky_relu_steep,true,886.0,0.0,,fully_connect,,leaky_relu_steep,,3.0,
106,106_0,COMPLETED,BoTorch,0.7356465458869934,True,True,1.0,378.0,0.9,,0.684050005878878,True,0.0005166109548495803,32,fully_connect,sigmoid,resnet,leaky_relu_slight,true,415.0,0.3886705058121741,,resnet,complex,selu,,,1.0
38,38_0,COMPLETED,Sobol,0.7369023561477661,True,False,,,,,0.5981018696911633,True,0.003182880253950047,64,,,resnet,leaky_relu_steep,true,348.0,0.8131949412636459,,fully_connect,,leaky_relu_slight,,2.0,
21,21_0,COMPLETED,Sobol,0.7372380495071411,True,True,1.0,878.0,0.11831161519512534,,0.5752549381926656,True,0.0002391516554142994,64,fully_connect,selu,resnet,leaky_relu_steep,true,657.0,0.2587187930010259,,fully_connect,,leaky_relu_steep,,3.0,
183,183_0,COMPLETED,BoTorch,0.7380059957504272,True,False,,,,,0.6024745360653114,True,0.0029224608062618667,64,,,resnet,leaky_relu_steep,true,211.0,0.6632567725293216,,fully_connect,,leaky_relu_slight,,2.0,
147,147_0,COMPLETED,BoTorch,0.7382631301879883,True,True,1.0,327.0,0.7651088784322647,,0.6689456091323207,True,0.0011028247860528125,32,fully_connect,sigmoid,resnet,leaky_relu_slight,true,478.0,0.04669079469502594,,resnet,complex,selu,,,1.0
94,94_0,COMPLETED,BoTorch,0.7385257482528687,False,True,,418.0,0.46378227030937025,,0.17365960978100317,True,0.0001,64,resnet,selu,resnet,sigmoid,true,,,31.0,,,,complex,,
84,84_0,COMPLETED,BoTorch,0.7388017773628235,True,True,1.0,356.0,0.9,,0.8251019711183091,True,0.0004340511209141144,32,fully_connect,sigmoid,resnet,leaky_relu_slight,true,348.0,0.0,,resnet,complex,selu,,,1.0
52,52_0,COMPLETED,BoTorch,0.7388064861297607,True,True,1.0,360.0,0.8555411923926208,,0.6277607507104526,True,0.0006803400638815204,32,fully_connect,sigmoid,resnet,leaky_relu_slight,true,358.0,0.02936693377383677,,resnet,complex,selu,,,5.0
100,100_0,COMPLETED,BoTorch,0.7389344573020935,True,True,1.0,351.0,0.9,,0.7905717340144126,True,0.00164952779077547,32,fully_connect,sigmoid,resnet,leaky_relu_slight,true,631.0,0.2632207118504596,,resnet,complex,selu,,,1.0
148,148_0,COMPLETED,BoTorch,0.739327609539032,True,True,1.0,232.0,0.9,,0.6575033582635108,True,0.0013931570225133901,32,fully_connect,sigmoid,resnet,leaky_relu_slight,true,517.0,0.4258052483718435,,resnet,complex,selu,,,1.0
138,138_0,COMPLETED,BoTorch,0.7396557927131653,True,False,,,,,0.587368203969706,True,0.002859591032500396,64,,,resnet,leaky_relu_steep,true,327.0,0.9,,fully_connect,,leaky_relu_slight,,2.0,
81,81_0,COMPLETED,BoTorch,0.7403399348258972,True,True,1.0,947.0,0.060052975159576694,,0.6918506224068549,True,0.0001890350765254668,64,fully_connect,selu,resnet,leaky_relu_steep,true,656.0,0.21769817891337462,,fully_connect,,leaky_relu_steep,,3.0,
110,110_0,COMPLETED,BoTorch,0.7409288883209229,True,True,1.0,927.0,0.0,,0.5687307890449159,True,0.00014010439977857564,64,fully_connect,selu,resnet,leaky_relu_steep,true,861.0,0.0,,fully_connect,,leaky_relu_steep,,3.0,
69,69_0,COMPLETED,BoTorch,0.7409919500350952,True,True,1.0,986.0,0.09610327208703165,,0.6387149368536335,True,0.00021889957030958273,64,fully_connect,selu,resnet,leaky_relu_steep,true,940.0,0.29128361261322533,,fully_connect,,leaky_relu_steep,,3.0,
75,75_0,COMPLETED,BoTorch,0.7410412430763245,True,True,,313.0,0.6718719666305065,1.0,0.7412554837932598,True,0.00017639294551368478,128,resnet,sigmoid,fully_connect,tanh,true,339.0,0.1779631618528375,,fully_connect,,sigmoid,simple,1.0,
187,187_0,COMPLETED,BoTorch,0.7412363290786743,False,True,,418.0,0.2450398836070734,,0.2279608463199904,True,0.0001,128,resnet,selu,resnet,sigmoid,true,,,31.0,,,,complex,,
99,99_0,COMPLETED,BoTorch,0.7416785359382629,True,True,1.0,957.0,0.022451491909349898,,0.6925294891354289,True,0.0002449380609019689,64,fully_connect,selu,resnet,leaky_relu_steep,true,556.0,0.3248203311693237,,fully_connect,,leaky_relu_steep,,3.0,
186,186_0,COMPLETED,BoTorch,0.7420734167098999,False,True,,855.0,0.6223074060702348,,0.1983275087477154,True,0.0001,128,resnet,selu,resnet,sigmoid,true,,,31.0,,,,complex,,
103,103_0,COMPLETED,BoTorch,0.7426353096961975,True,True,1.0,355.0,0.599129128727825,,0.7965963772023686,True,0.001747965812742493,32,fully_connect,sigmoid,resnet,leaky_relu_slight,true,337.0,0.2075219717476597,,resnet,complex,selu,,,1.0
62,62_0,COMPLETED,BoTorch,0.7431710958480835,True,True,1.0,940.0,0.04112987157546498,,0.475167965206928,True,0.00017425356467514594,64,fully_connect,selu,resnet,leaky_relu_steep,true,768.0,0.11939802999037329,,fully_connect,,leaky_relu_steep,,3.0,
92,92_0,COMPLETED,BoTorch,0.7440600991249084,True,True,1.0,311.0,0.9,,0.6183100449564736,True,0.001085724643966494,32,fully_connect,sigmoid,resnet,leaky_relu_slight,true,337.0,0.24521095177847654,,resnet,complex,selu,,,1.0
132,132_0,COMPLETED,BoTorch,0.7464374303817749,True,True,1.0,458.0,0.04073543335067426,,0.514096266236394,True,0.0016648687928401918,128,fully_connect,tanh,resnet,sigmoid,true,727.0,0.0,,resnet,simple,selu,,,
71,71_0,COMPLETED,BoTorch,0.7466049790382385,True,True,1.0,913.0,0.01864950301931723,,0.7165289857897023,True,0.0003377956663799234,64,fully_connect,selu,resnet,leaky_relu_steep,true,831.0,0.275308520314099,,fully_connect,,leaky_relu_steep,,3.0,
167,167_0,COMPLETED,BoTorch,0.7467875480651855,False,True,,493.0,0.580745420975359,,0.2312921111933835,True,0.00010770157036758735,64,resnet,selu,resnet,sigmoid,true,,,31.0,,,,complex,,
74,74_0,COMPLETED,BoTorch,0.7469868063926697,False,True,,433.0,0.45621832493199527,,0.19899729352033546,True,0.0001,64,resnet,selu,resnet,sigmoid,true,,,31.0,,,,complex,,
50,50_0,COMPLETED,BoTorch,0.7490429282188416,True,True,1.0,356.0,0.8773823676248045,,0.6567573475835734,True,0.00036896553542453936,64,fully_connect,sigmoid,resnet,leaky_relu_slight,true,316.0,0.029919308327564967,,resnet,complex,selu,,,3.0
67,67_0,COMPLETED,BoTorch,0.7518835663795471,True,True,1.0,950.0,0.27987830825536897,,0.6945486458239403,True,0.00015700231014617423,64,fully_connect,selu,resnet,leaky_relu_steep,true,662.0,0.14281178040720516,,fully_connect,,leaky_relu_steep,,3.0,
59,59_0,COMPLETED,BoTorch,0.751925528049469,True,True,1.0,528.0,0.26660769400439527,,0.49615786068021606,True,0.001142586015144945,128,fully_connect,tanh,resnet,sigmoid,true,607.0,0.3264609286062059,,resnet,simple,selu,,,
140,140_0,COMPLETED,BoTorch,0.7520616054534912,True,True,1.0,376.0,0.6042189666296909,,0.6104338650354456,True,0.001098369590858368,32,fully_connect,sigmoid,resnet,leaky_relu_slight,true,319.0,0.4281287755278297,,resnet,complex,selu,,,1.0
66,66_0,COMPLETED,BoTorch,0.7532963752746582,True,True,1.0,967.0,0.07846332928623465,,0.5860745490180275,True,0.0004455337845653668,64,fully_connect,selu,resnet,leaky_relu_steep,true,544.0,0.20860684861592965,,fully_connect,,leaky_relu_steep,,3.0,
107,107_0,COMPLETED,BoTorch,0.7546440362930298,False,True,,526.0,0.4580257860074525,,0.1835992452737203,True,0.0001,64,resnet,selu,resnet,sigmoid,true,,,31.0,,,,complex,,
118,118_0,COMPLETED,BoTorch,0.7555276155471802,False,True,,389.0,0.8545842408102138,,0.18440130169999921,True,0.0001,64,resnet,selu,resnet,sigmoid,true,,,31.0,,,,complex,,
163,163_0,COMPLETED,BoTorch,0.756767749786377,False,True,,370.0,0.323652309888441,,0.2527958787079536,True,0.0001,64,resnet,selu,resnet,sigmoid,true,,,31.0,,,,complex,,
22,22_0,COMPLETED,Sobol,0.7586721777915955,True,True,,300.0,0.6822148882783949,1.0,0.8632827831432224,True,0.0003287777018891167,64,resnet,sigmoid,fully_connect,tanh,true,703.0,0.397666949685663,,fully_connect,,sigmoid,simple,1.0,
193,193_0,COMPLETED,BoTorch,0.7588683366775513,False,True,,966.0,0.2173489137897343,,0.2844092398557592,True,0.0001,64,resnet,selu,resnet,sigmoid,true,,,31.0,,,,complex,,
31,31_0,COMPLETED,Sobol,0.7591293454170227,True,True,1.0,490.0,0.270669486746192,,0.5643142763525247,True,0.001362390347928352,128,fully_connect,tanh,resnet,sigmoid,true,597.0,0.26321843080222607,,resnet,simple,selu,,,
133,133_0,COMPLETED,BoTorch,0.7604845762252808,True,True,1.0,494.0,0.08736958784471872,,0.5096463757337739,True,0.0018161357129747283,128,fully_connect,tanh,resnet,sigmoid,true,991.0,0.3258972339910322,,resnet,simple,selu,,,
30,30_0,COMPLETED,Sobol,0.7627570629119873,True,True,1.0,375.0,0.8682800369337201,,0.480413375236094,True,0.0005257504191082734,64,fully_connect,sigmoid,resnet,leaky_relu_slight,true,360.0,0.03421075874939561,,resnet,complex,selu,,,7.0
162,162_0,COMPLETED,BoTorch,0.7638457417488098,True,True,1.0,311.0,0.18813718956445924,,0.5034968411612747,True,0.0008949959580573965,128,fully_connect,tanh,resnet,sigmoid,true,797.0,0.17003911551801704,,resnet,simple,selu,,,
127,127_0,COMPLETED,BoTorch,0.764680802822113,False,True,,437.0,0.5891478989547401,,0.1608289382230771,True,0.0001,64,resnet,selu,resnet,sigmoid,true,,,31.0,,,,complex,,
25,25_0,COMPLETED,Sobol,0.766019344329834,False,True,,390.0,0.42330348668619994,,0.2059653650969267,True,0.0001884108054065242,64,resnet,selu,resnet,sigmoid,true,,,31.0,,,,complex,,
82,82_0,COMPLETED,BoTorch,0.7680844068527222,False,True,,434.0,0.5741729421282888,,0.11741467960036912,True,0.0001,64,resnet,selu,resnet,sigmoid,true,,,31.0,,,,complex,,
128,128_0,COMPLETED,BoTorch,0.7683828473091125,False,True,,406.0,0.6424469163004384,,0.14073079300680777,True,0.0001,64,resnet,selu,resnet,sigmoid,true,,,31.0,,,,complex,,
155,155_0,COMPLETED,BoTorch,0.7685760259628296,True,True,1.0,507.0,0.0,,0.49356530457637826,True,0.0024238216521972784,128,fully_connect,tanh,resnet,sigmoid,true,641.0,0.11293466303176657,,resnet,simple,selu,,,
65,65_0,COMPLETED,BoTorch,0.7685837745666504,True,True,1.0,360.0,0.5992995323543212,,0.5738183406743972,True,0.0003778655406796733,32,fully_connect,sigmoid,resnet,leaky_relu_slight,true,322.0,0.0,,resnet,complex,selu,,,1.0
20,20_0,COMPLETED,Sobol,0.7687612771987915,False,False,,,,,0.47032834142446517,False,0.0004705538076045436,128,,,resnet,leaky_relu_slight,true,,,,,,,,,
57,57_0,COMPLETED,BoTorch,0.7689619064331055,True,True,1.0,358.0,0.8929653316219757,,0.5358887318544692,True,0.00025127117417536663,32,fully_connect,sigmoid,resnet,leaky_relu_slight,true,477.0,0.0,,resnet,complex,selu,,,1.0
161,161_0,COMPLETED,BoTorch,0.7710570693016052,False,True,,703.0,0.5469550050364135,,0.17388997574317233,True,0.00015503814172667207,64,resnet,selu,resnet,sigmoid,true,,,31.0,,,,complex,,
55,55_0,COMPLETED,BoTorch,0.7724218964576721,True,True,1.0,361.0,0.8940811109985485,,0.5393418029627015,True,0.0002980071972132524,32,fully_connect,sigmoid,resnet,leaky_relu_slight,true,269.0,0.07463542263495503,,resnet,complex,selu,,,5.0
152,152_0,COMPLETED,BoTorch,0.7742799520492554,True,True,1.0,313.0,0.0,,0.504979829800247,True,0.0029595511913597977,128,fully_connect,tanh,resnet,sigmoid,true,664.0,0.23190776143934233,,resnet,simple,selu,,,
170,170_0,COMPLETED,BoTorch,0.7746394276618958,False,True,1.0,832.0,0.9,2.0,0.15503416222030825,False,0.0001,128,fully_connect,tanh,fully_connect,selu,true,,,,,,,,,
178,178_0,COMPLETED,BoTorch,0.7768092155456543,False,True,,446.0,0.5157326563930797,,0.20510731527036535,True,0.0001078229645501877,128,resnet,selu,resnet,sigmoid,true,,,31.0,,,,complex,,
173,173_0,COMPLETED,BoTorch,0.7785908579826355,False,True,1.0,839.0,0.9,3.0,0.15220504179554922,False,0.0001,128,fully_connect,tanh,fully_connect,selu,true,,,,,,,,,
169,169_0,COMPLETED,BoTorch,0.7832654714584351,True,True,1.0,434.0,0.48562773928282904,,0.5015864290024045,True,0.0025956764462178976,128,fully_connect,tanh,resnet,sigmoid,true,851.0,0.17855866886545696,,resnet,simple,selu,,,
136,136_0,COMPLETED,BoTorch,0.7836877703666687,False,True,1.0,471.0,0.8853925935935948,3.0,0.1630768207758818,False,0.00011556658927227057,128,fully_connect,tanh,fully_connect,selu,true,,,,,,,,,
70,70_0,COMPLETED,BoTorch,0.7860333919525146,False,True,1.0,463.0,0.8263147607480392,2.0,0.11311246932681393,False,0.00014286369940963453,64,fully_connect,tanh,fully_connect,selu,true,,,,,,,,,
158,158_0,COMPLETED,BoTorch,0.7942237257957458,False,True,,321.0,0.5544848496471804,,0.1455097287462337,True,0.0001,64,resnet,selu,resnet,sigmoid,true,,,31.0,,,,complex,,
40,40_0,COMPLETED,BoTorch,0.7979358434677124,True,True,,363.0,0.6055819711421454,1.0,0.8204493521397372,True,0.00035892683578357,64,resnet,sigmoid,fully_connect,tanh,true,617.0,0.48886202726597916,,fully_connect,,sigmoid,simple,1.0,
130,130_0,COMPLETED,BoTorch,0.7986382842063904,False,True,1.0,708.0,0.5365210920516322,3.0,0.13446721793413188,False,0.00019370168421314722,64,fully_connect,tanh,fully_connect,selu,true,,,,,,,,,
45,45_0,COMPLETED,BoTorch,0.7990307211875916,False,True,1.0,406.0,0.8298160817025844,2.0,0.18016763942397793,False,0.00018580956175684018,64,fully_connect,tanh,fully_connect,selu,true,,,,,,,,,
131,131_0,COMPLETED,BoTorch,0.8018370866775513,False,True,1.0,641.0,0.5094834106044441,3.0,0.14320393444861676,False,0.0002429272625408117,64,fully_connect,tanh,fully_connect,selu,true,,,,,,,,,
134,134_0,COMPLETED,BoTorch,0.8019687533378601,False,True,1.0,800.0,0.8057933112211072,3.0,0.14535831982791075,False,0.00016129857913087635,64,fully_connect,tanh,fully_connect,selu,true,,,,,,,,,
18,18_0,COMPLETED,Sobol,0.8047429323196411,False,True,1.0,407.0,0.8759896351955831,3.0,0.07249323399737477,False,0.00014449343836117433,64,fully_connect,tanh,fully_connect,selu,true,,,,,,,,,
60,60_0,COMPLETED,BoTorch,0.8066036105155945,False,True,1.0,495.0,0.7945492046318411,3.0,0.23790922972423054,False,0.00020381977699137054,64,fully_connect,tanh,fully_connect,selu,true,,,,,,,,,
24,24_0,COMPLETED,Sobol,0.8069112300872803,False,False,,,,3.0,0.3992424448952079,False,0.00533522444187346,128,,,fully_connect,leaky_relu_slight,true,,,,,,,,,
168,168_0,COMPLETED,BoTorch,0.8106926679611206,False,True,1.0,515.0,0.4540803880727486,3.0,0.1556996866787383,False,0.0001698347661451664,64,fully_connect,tanh,fully_connect,selu,true,,,,,,,,,
96,96_0,COMPLETED,BoTorch,0.8120179772377014,True,True,1.0,348.0,0.8669048156829753,,0.9,True,0.0014883480050229398,32,fully_connect,sigmoid,resnet,leaky_relu_slight,true,342.0,0.0,,resnet,complex,selu,,,1.0
19,19_0,COMPLETED,Sobol,0.8139749765396118,True,False,,,,2.0,0.29437187360599637,False,0.003077809223015758,64,,,fully_connect,leaky_relu_slight,true,244.0,0.28517749076709153,,fully_connect,,leaky_relu_slight,,1.0,
153,153_0,COMPLETED,BoTorch,0.8206217288970947,True,True,1.0,704.0,0.0,,0.53018761380319,True,0.0009229399983902466,128,fully_connect,tanh,resnet,sigmoid,true,875.0,0.21830487813816776,,resnet,simple,selu,,,
23,23_0,COMPLETED,Sobol,0.8207960724830627,True,False,,,,,0.07693578097969293,True,0.00038312492462263,64,,,resnet,sigmoid,true,637.0,0.7149994184263051,,resnet,complex,tanh,,,12.0
17,17_0,COMPLETED,Sobol,0.826191782951355,True,False,,,,2.0,0.2308372520841658,True,0.00011911743789766517,64,,,fully_connect,tanh,true,539.0,0.2605987465940416,,fully_connect,,tanh,,1.0,
174,174_0,COMPLETED,BoTorch,0.8301400542259216,False,True,,478.0,0.5279534194546008,,0.20998209725634842,True,0.0001,32,resnet,selu,resnet,sigmoid,true,,,31.0,,,,complex,,
8,8_0,COMPLETED,Sobol,0.837482750415802,False,False,,,,,0.4094521293416619,False,0.0006434736293559972,32,,,resnet,leaky_relu_slight,true,,,,,,,,,
16,16_0,COMPLETED,Sobol,0.8395383954048157,True,True,,277.0,0.4384860939346254,,0.6234125459566713,False,0.00013714892903978333,64,resnet,leaky_relu_steep,resnet,tanh,true,386.0,0.04896454615518451,,fully_connect,,tanh,simple,1.0,
68,68_0,COMPLETED,BoTorch,0.8432454466819763,True,False,,,,1.0,0.16405782582445647,True,0.00011348595928847797,64,,,fully_connect,tanh,true,815.0,0.05117673535909638,,fully_connect,,tanh,,1.0,
90,90_0,COMPLETED,BoTorch,0.843574047088623,True,True,1.0,364.0,0.7269338360434675,,0.8732133946277133,True,0.000408761822643022,32,fully_connect,sigmoid,resnet,leaky_relu_slight,true,445.0,0.23035363130940975,,resnet,complex,selu,,,9.0
125,125_0,COMPLETED,BoTorch,0.8520103693008423,True,True,1.0,468.0,0.10231536385693214,,0.5252889254156842,True,0.0015694410856695986,64,fully_connect,tanh,resnet,sigmoid,true,691.0,0.5788400528251425,,resnet,simple,selu,,,
44,44_0,COMPLETED,BoTorch,0.8533095121383667,False,True,,349.0,0.3862558622236858,,0.21487094285902705,True,0.00043365806852901814,64,resnet,selu,resnet,sigmoid,true,,,30.0,,,,complex,,
6,6_0,COMPLETED,Sobol,0.8533599972724915,False,False,,,,2.0,0.2711733581498265,False,0.006067083560023711,128,,,fully_connect,leaky_relu_steep,true,,,,,,,,,
1,1_0,COMPLETED,Sobol,0.862410306930542,False,True,2.0,305.0,0.41225816337391735,,0.8956709423102439,False,0.0005721403609816504,128,fully_connect,selu,resnet,selu,true,,,,,,,,,
33,33_0,COMPLETED,Sobol,0.8714208602905273,True,False,,,,2.0,0.3510510471649468,True,0.0005957837464961678,128,,,fully_connect,leaky_relu_slight,true,342.0,0.0084249802865088,,resnet,simple,sigmoid,,,
35,35_0,COMPLETED,Sobol,0.8734959363937378,False,True,,227.0,0.3409539895132184,3.0,0.40042101088911297,True,0.0012023788451070512,128,resnet,sigmoid,fully_connect,leaky_relu_slight,true,,,11.0,,,,complex,,
7,7_0,COMPLETED,Sobol,0.8835318684577942,False,False,,,,1.0,0.61425023060292,False,0.0006413914984266485,32,,,fully_connect,sigmoid,true,,,,,,,,,
126,126_0,COMPLETED,BoTorch,0.8892480134963989,True,True,1.0,626.0,0.6285248152843343,,0.5171453021994493,True,0.0007128285101316908,128,fully_connect,tanh,resnet,sigmoid,true,449.0,0.0,,resnet,simple,selu,,,
10,10_0,COMPLETED,Sobol,0.9195917844772339,False,False,,,,3.0,0.2778602795675397,True,0.00925835899525925,64,,,fully_connect,sigmoid,true,,,,,,,,,
39,39_0,COMPLETED,Sobol,0.9223803877830505,True,True,,205.0,0.700041385833174,2.0,0.5386776027269662,False,0.002929265705747269,32,resnet,sigmoid,fully_connect,leaky_relu_steep,true,275.0,0.7156291860155761,,fully_connect,,tanh,simple,3.0,
32,32_0,COMPLETED,Sobol,0.9310790300369263,True,False,,,,1.0,0.7558554832823575,False,0.0016527667917980672,32,,,fully_connect,leaky_relu_slight,true,546.0,0.8772441755980254,,fully_connect,,tanh,,3.0,
0,0_0,COMPLETED,Sobol,0.9416492581367493,False,True,3.0,356.0,0.4647408306598663,3.0,0.8875816941261292,False,0.0015538662752917142,32,fully_connect,leaky_relu_slight,fully_connect,leaky_relu_steep,true,,,,,,,,,
95,95_0,COMPLETED,BoTorch,0.9785972833633423,True,False,,,,,0.524272033885745,True,0.0024117859668142537,64,,,resnet,leaky_relu_steep,true,403.0,0.7342813945652426,,fully_connect,,leaky_relu_slight,,2.0,
9,9_0,COMPLETED,Sobol,0.9917783737182617,True,True,,764.0,0.2976144036278129,1.0,0.6339043677784503,False,0.0005564240486179695,64,resnet,sigmoid,fully_connect,sigmoid,true,373.0,0.8402128309942782,,fully_connect,,sigmoid,simple,1.0,
26,26_0,COMPLETED,Sobol,1.0255378484725952,True,False,,,,1.0,0.6372934855520725,False,0.004206976496925079,64,,,fully_connect,leaky_relu_slight,true,207.0,0.7722689713351428,,resnet,complex,leaky_relu_slight,,,18.0
27,27_0,COMPLETED,Sobol,1.051241397857666,False,False,,,,,0.37354170670732856,True,0.0016379744876718007,128,,,resnet,leaky_relu_steep,true,,,,,,,,,
12,12_0,COMPLETED,Sobol,1.0586209297180176,True,False,,,,,0.6014769108965993,False,0.0013324567564022417,64,,,resnet,selu,true,543.0,0.031732250936329365,,fully_connect,,selu,,2.0,
5,5_0,COMPLETED,Sobol,1.1190717220306396,True,True,3.0,339.0,0.2370384338311851,2.0,0.09624437671154738,True,0.00038422187796553303,32,fully_connect,leaky_relu_steep,fully_connect,leaky_relu_steep,true,209.0,0.056321351788938046,,fully_connect,,leaky_relu_steep,,2.0,
43,43_0,COMPLETED,BoTorch,1.1510215997695923,False,False,,,,1.0,0.582404417243204,True,0.0005032167138239095,64,,,fully_connect,sigmoid,true,,,,,,,,,
196,196_0,COMPLETED,BoTorch,1.1726666688919067,True,False,,,,,0.5980957337222205,True,0.004909254532280715,64,,,resnet,leaky_relu_steep,true,214.0,0.5894897155249438,,fully_connect,,leaky_relu_slight,,2.0,
14,14_0,COMPLETED,Sobol,1.2907474040985107,False,False,,,,,0.8389333938248456,False,0.0015324857339676077,32,,,resnet,sigmoid,true,,,,,,,,,
36,36_0,COMPLETED,Sobol,1.3218886852264404,True,True,,369.0,0.25026211235672235,,0.8701727695763112,False,0.009910307968575938,64,resnet,sigmoid,resnet,selu,true,317.0,0.24969037100672722,5.0,resnet,simple,sigmoid,complex,,
37,37_0,COMPLETED,Sobol,1.3423104286193848,False,False,,,,3.0,0.8906199554912746,True,0.001062797554577654,32,,,fully_connect,selu,true,,,,,,,,,
28,28_0,COMPLETED,Sobol,1.3576509952545166,True,True,1.0,953.0,0.018363220151513815,2.0,0.21792761916294695,True,0.001956537021621936,128,fully_connect,leaky_relu_slight,fully_connect,leaky_relu_slight,true,993.0,0.335459447465837,,resnet,complex,selu,,,10.0
4,4_0,COMPLETED,Sobol,1.4208086729049683,True,True,,402.0,0.17620778661221267,,0.5414173451252282,False,0.0026157749954591374,64,resnet,sigmoid,resnet,selu,true,361.0,0.06119697159156203,,resnet,simple,leaky_relu_steep,simple,,
41,41_0,COMPLETED,BoTorch,2.160320281982422,True,False,,,,,0.530415843060938,True,0.0024613369983404448,64,,,resnet,leaky_relu_steep,true,394.0,0.7280625748423847,,fully_connect,,leaky_relu_slight,,2.0,
137,137_0,COMPLETED,BoTorch,2.7098124027252197,True,False,,,,,0.643481274562747,True,0.004372751714670604,64,,,resnet,leaky_relu_steep,true,431.0,0.6306021218756388,,fully_connect,,leaky_relu_slight,,2.0,
2,2_0,COMPLETED,Sobol,2.759178638458252,True,True,,733.0,0.32712706876918674,2.0,0.5280116954818368,True,0.0006922430733009898,32,resnet,selu,fully_connect,leaky_relu_slight,true,654.0,0.20382099011912944,23.0,resnet,simple,tanh,complex,,
29,29_0,COMPLETED,Sobol,3.0553457736968994,False,False,,,,,0.07253712080419064,False,0.007556048098634258,64,,,resnet,selu,true,,,,,,,,,
3,3_0,COMPLETED,Sobol,3.9601075649261475,True,False,,,,1.0,0.41325293099507693,True,0.0021222133490240683,32,,,fully_connect,leaky_relu_slight,true,355.0,0.6839087770320476,,fully_connect,,tanh,,1.0,
11,11_0,COMPLETED,Sobol,8.488320350646973,False,True,3.0,608.0,0.13431861195713282,2.0,0.3016992612741888,True,0.0070985501533478304,128,fully_connect,sigmoid,fully_connect,leaky_relu_slight,true,,,,,,,,,
15,15_0,COMPLETED,Sobol,11.236665725708008,False,True,,925.0,0.42062815334647896,,0.7386427639983595,False,0.005431747781895249,64,resnet,sigmoid,resnet,leaky_relu_slight,true,,,12.0,,,,complex,,
13,13_0,COMPLETED,Sobol,20.58544158935547,True,False,,,,1.0,0.5097194532863796,True,0.004472963400290742,32,,,fully_connect,leaky_relu_slight,true,362.0,0.897748822811991,,resnet,complex,sigmoid,,,14.0
34,34_0,COMPLETED,Sobol,36.11159133911133,True,True,,326.0,0.06907546939328313,2.0,0.7353564142249525,True,0.008730104343365405,64,resnet,selu,fully_connect,leaky_relu_steep,true,772.0,0.38935747286304834,,resnet,simple,sigmoid,simple,,
